<?xml version="1.0" encoding="UTF-8"?>
<project-private xmlns="http://www.netbeans.org/ns/project-private/1">
    <editor-bookmarks xmlns="http://www.netbeans.org/ns/editor-bookmarks/1"/>
    <editor-bookmarks xmlns="http://www.netbeans.org/ns/editor-bookmarks/2" lastBookmarkId="0"/>
    <open-files xmlns="http://www.netbeans.org/ns/projectui-open-files/2">
        <group>
            <file>file:/D:/Mis%20documentos/NetBeansProjects/L0/src/rubik/MainGrafico.java</file>
            <file>file:/D:/Mis%20documentos/NetBeansProjects/L0/src/rubik/busqueda/BusquedaProfundidad.java</file>
            <file>file:/D:/Mis%20documentos/NetBeansProjects/L0/src/rubik/busqueda/BusquedaAnchuraG.java</file>
            <file>file:/D:/Mis%20documentos/NetBeansProjects/L0/src/rubik/busqueda/BusquedaProfundidadIterativaG.java</file>
            <file>file:/D:/Mis%20documentos/NetBeansProjects/L0/src/rubik/busqueda/TrazaGenerica.java</file>
            <file>file:/D:/Mis%20documentos/NetBeansProjects/L0/src/rubik/busqueda/BusquedaCosteUniforme.java</file>
            <file>file:/D:/Mis%20documentos/NetBeansProjects/L0/src/rubik/busqueda/NodoBusqueda.java</file>
            <file>file:/D:/Mis%20documentos/NetBeansProjects/L0/src/rubik/busqueda/Problema.java</file>
            <file>file:/D:/Mis%20documentos/NetBeansProjects/L0/src/rubik/busqueda/BusquedaArbol.java</file>
            <file>file:/D:/Mis%20documentos/NetBeansProjects/L0/src/rubik/busqueda/Operador.java</file>
            <file>file:/D:/Mis%20documentos/NetBeansProjects/L0/src/rubik/busqueda/Busqueda.java</file>
            <file>file:/D:/Mis%20documentos/NetBeansProjects/L0/src/rubik/busqueda/RendimientoBusqueda.java</file>
            <file>file:/D:/Mis%20documentos/NetBeansProjects/L0/src/rubik/busqueda/BusquedaProfundidadLimitadaG.java</file>
            <file>file:/D:/Mis%20documentos/NetBeansProjects/L0/src/rubik/busqueda/BusquedaProfundidadG.java</file>
            <file>file:/D:/Mis%20documentos/NetBeansProjects/L0/src/rubik/busqueda/BusquedaAnchura.java</file>
            <file>file:/D:/Mis%20documentos/NetBeansProjects/L0/src/rubik/busqueda/Nodo.java</file>
            <file>file:/D:/Mis%20documentos/NetBeansProjects/L0/src/rubik/busqueda/FactoriaEstrategias.java</file>
            <file>file:/D:/Mis%20documentos/NetBeansProjects/L0/src/rubik/busqueda/Estado.java</file>
            <file>file:/D:/Mis%20documentos/NetBeansProjects/L0/src/rubik/busqueda/BusquedaGrafo.java</file>
            <file>file:/D:/Mis%20documentos/NetBeansProjects/L0/src/rubik/busqueda/BusquedaCosteUniformeG.java</file>
            <file>file:/D:/Mis%20documentos/NetBeansProjects/L0/src/rubik/Main.java</file>
        </group>
    </open-files>
</project-private>
